{
    "images": [
        {
            "height": 590,
            "width": 493,
            "id": 0,
            "file_name": "scaffolding1.PNG"
        },
        {
            "height": 506,
            "width": 232,
            "id": 1,
            "file_name": "scaffolding10.PNG"
        },
        {
            "height": 498,
            "width": 243,
            "id": 2,
            "file_name": "scaffolding11.PNG"
        },
        {
            "height": 576,
            "width": 487,
            "id": 3,
            "file_name": "scaffolding12.PNG"
        },
        {
            "height": 626,
            "width": 460,
            "id": 4,
            "file_name": "scaffolding13.PNG"
        },
        {
            "height": 567,
            "width": 375,
            "id": 5,
            "file_name": "scaffolding14.PNG"
        },
        {
            "height": 526,
            "width": 688,
            "id": 6,
            "file_name": "scaffolding15.PNG"
        },
        {
            "height": 476,
            "width": 461,
            "id": 7,
            "file_name": "scaffolding16.PNG"
        },
        {
            "height": 540,
            "width": 373,
            "id": 8,
            "file_name": "scaffolding17.PNG"
        },
        {
            "height": 652,
            "width": 502,
            "id": 9,
            "file_name": "scaffolding18.PNG"
        },
        {
            "height": 410,
            "width": 580,
            "id": 10,
            "file_name": "scaffolding19.PNG"
        },
        {
            "height": 631,
            "width": 353,
            "id": 11,
            "file_name": "scaffolding2.PNG"
        },
        {
            "height": 557,
            "width": 408,
            "id": 12,
            "file_name": "scaffolding20.PNG"
        },
        {
            "height": 373,
            "width": 476,
            "id": 13,
            "file_name": "scaffolding21.PNG"
        },
        {
            "height": 554,
            "width": 378,
            "id": 14,
            "file_name": "scaffolding22.PNG"
        },
        {
            "height": 457,
            "width": 363,
            "id": 15,
            "file_name": "scaffolding23.PNG"
        },
        {
            "height": 335,
            "width": 298,
            "id": 16,
            "file_name": "scaffolding24.PNG"
        },
        {
            "height": 632,
            "width": 489,
            "id": 17,
            "file_name": "scaffolding3.PNG"
        },
        {
            "height": 664,
            "width": 417,
            "id": 18,
            "file_name": "scaffolding4.PNG"
        },
        {
            "height": 538,
            "width": 349,
            "id": 19,
            "file_name": "scaffolding5.PNG"
        },
        {
            "height": 559,
            "width": 406,
            "id": 20,
            "file_name": "scaffolding6.PNG"
        },
        {
            "height": 590,
            "width": 229,
            "id": 21,
            "file_name": "scaffolding7.PNG"
        },
        {
            "height": 539,
            "width": 290,
            "id": 22,
            "file_name": "scaffolding8.PNG"
        },
        {
            "height": 608,
            "width": 316,
            "id": 23,
            "file_name": "scaffolding9.PNG"
        }
    ],
    "categories": [
        {
            "supercategory": "scaffolding",
            "id": 0,
            "name": "scaffolding"
        }
    ],
    "annotations": [
        {
            "segmentation": [
                [
                    197.46835443037975,
                    79.37974683544303,
                    328.48101265822777,
                    85.0759493670886,
                    492.0,
                    573.0,
                    491.0,
                    589.0,
                    1.2658227848101262,
                    588.873417721519,
                    0.6329113924050489,
                    419.88607594936707
                ]
            ],
            "iscrowd": 0,
            "area": 175609.21214548955,
            "image_id": 0,
            "bbox": [
                0.0,
                79.0,
                492.0,
                510.0
            ],
            "category_id": 0,
            "id": 1
        },
        {
            "segmentation": [
                [
                    85.51351351351349,
                    54.05405405405405,
                    100.64864864864865,
                    51.89189189189189,
                    103.35135135135135,
                    69.18918918918918,
                    106.59459459459458,
                    83.78378378378378,
                    112.54054054054052,
                    124.32432432432432,
                    118.48648648648646,
                    175.67567567567568,
                    139.56756756756755,
                    280.5405405405405,
                    171.0,
                    505.0,
                    49.83783783783781,
                    504.86486486486484,
                    71.45945945945942,
                    287.56756756756755,
                    68.2162162162162,
                    277.8378378378378,
                    76.32432432432432,
                    178.9189189189189,
                    82.27027027027026,
                    130.8108108108108,
                    85.51351351351349,
                    86.48648648648648
                ]
            ],
            "iscrowd": 0,
            "area": 30525.310445580733,
            "image_id": 1,
            "bbox": [
                49.0,
                51.0,
                122.0,
                454.0
            ],
            "category_id": 0,
            "id": 2
        },
        {
            "segmentation": [
                [
                    86.44680851063828,
                    36.170212765957444,
                    118.89361702127655,
                    39.89361702127659,
                    130.59574468085106,
                    177.12765957446808,
                    133.25531914893617,
                    187.7659574468085,
                    150.80851063829783,
                    413.2978723404255,
                    166.7659574468085,
                    414.89361702127655,
                    176.0,
                    497.0,
                    29.531914893617,
                    496.80851063829783,
                    36.44680851063828,
                    418.0851063829787,
                    27.936170212765944,
                    418.0851063829787,
                    64.63829787234039,
                    180.85106382978722,
                    81.12765957446805,
                    75.53191489361701
                ]
            ],
            "iscrowd": 0,
            "area": 40691.110230873746,
            "image_id": 2,
            "bbox": [
                27.0,
                36.0,
                149.0,
                461.0
            ],
            "category_id": 0,
            "id": 3
        },
        {
            "segmentation": [
                [
                    111.46913580246911,
                    28.012345679012345,
                    271.3456790123456,
                    39.123456790123456,
                    331.2222222222222,
                    137.2716049382716,
                    343.5679012345679,
                    151.46913580246914,
                    486.0,
                    376.0,
                    486.0,
                    453.0,
                    76.90123456790121,
                    481.09876543209873,
                    106.53086419753083,
                    144.679012345679,
                    102.20987654320987,
                    134.1851851851852
                ]
            ],
            "iscrowd": 0,
            "area": 131655.8122999543,
            "image_id": 3,
            "bbox": [
                76.0,
                28.0,
                410.0,
                453.0
            ],
            "category_id": 0,
            "id": 4
        },
        {
            "segmentation": [
                [
                    401.5925925925925,
                    510.1111111111111,
                    486.0,
                    501.0,
                    486.0,
                    575.0,
                    427.5185185185185,
                    574.3086419753087
                ]
            ],
            "iscrowd": 0,
            "area": 4991.29538180161,
            "image_id": 3,
            "bbox": [
                401.0,
                501.0,
                85.0,
                74.0
            ],
            "category_id": 0,
            "id": 5
        },
        {
            "segmentation": [
                [
                    170.11409395973152,
                    54.70469798657718,
                    336.55704697986573,
                    42.624161073825505,
                    423.13422818791946,
                    599.0,
                    23.80536912751677,
                    592.9597315436241,
                    105.01342281879192,
                    284.90604026845637,
                    101.65771812080538,
                    272.1543624161074
                ]
            ],
            "iscrowd": 0,
            "area": 156219.08923021486,
            "image_id": 4,
            "bbox": [
                23.0,
                42.0,
                401.0,
                557.0
            ],
            "category_id": 0,
            "id": 6
        },
        {
            "segmentation": [
                [
                    155.030303030303,
                    214.54545454545453,
                    235.030303030303,
                    213.9393939393939,
                    253.81818181818176,
                    267.27272727272725,
                    254.42424242424238,
                    275.1515151515151,
                    292.0,
                    403.6363636363636,
                    303.5151515151515,
                    421.81818181818176,
                    345.0,
                    566.0,
                    71.0,
                    566.0,
                    111.39393939393938,
                    416.3636363636363,
                    106.5454545454545,
                    399.3939393939394
                ]
            ],
            "iscrowd": 0,
            "area": 62517.8585858586,
            "image_id": 5,
            "bbox": [
                71.0,
                213.0,
                274.0,
                353.0
            ],
            "category_id": 0,
            "id": 7
        },
        {
            "segmentation": [
                [
                    383.3370786516854,
                    149.43820224719101,
                    481.6516853932584,
                    150.0,
                    490.0786516853932,
                    169.1011235955056,
                    384.46067415730334,
                    167.41573033707866
                ]
            ],
            "iscrowd": 0,
            "area": 1885.0208307032008,
            "image_id": 6,
            "bbox": [
                383.0,
                149.0,
                108.0,
                20.0
            ],
            "category_id": 0,
            "id": 8
        },
        {
            "segmentation": [
                [
                    393.44943820224717,
                    178.65168539325842,
                    502.43820224719104,
                    172.47191011235955,
                    642.8876404494382,
                    330.8988764044944,
                    358.61797752808985,
                    328.08988764044943,
                    377.1573033707865,
                    214.6067415730337
                ]
            ],
            "iscrowd": 0,
            "area": 30947.796995328972,
            "image_id": 6,
            "bbox": [
                358.0,
                172.0,
                284.0,
                158.0
            ],
            "category_id": 0,
            "id": 9
        },
        {
            "segmentation": [
                [
                    2.4382022471910147,
                    334.2696629213483,
                    660.8651685393259,
                    340.44943820224717,
                    687.0,
                    368.0,
                    687.0,
                    525.0,
                    0.0,
                    509.0
                ]
            ],
            "iscrowd": 0,
            "area": 122766.74024744355,
            "image_id": 6,
            "bbox": [
                0.0,
                334.0,
                687.0,
                191.0
            ],
            "category_id": 0,
            "id": 10
        },
        {
            "segmentation": [
                [
                    75.625,
                    209.5,
                    53.125,
                    433.25,
                    196.875,
                    410.75,
                    156.875,
                    203.875
                ]
            ],
            "iscrowd": 0,
            "area": 24345.703125,
            "image_id": 7,
            "bbox": [
                52.0,
                203.0,
                144.0,
                230.0
            ],
            "category_id": 0,
            "id": 11
        },
        {
            "segmentation": [
                [
                    162.5,
                    204.5,
                    202.5,
                    407.625,
                    331.25,
                    382.625,
                    233.125,
                    198.25
                ]
            ],
            "iscrowd": 0,
            "area": 20393.5546875,
            "image_id": 7,
            "bbox": [
                162.0,
                198.0,
                169.0,
                209.0
            ],
            "category_id": 0,
            "id": 12
        },
        {
            "segmentation": [
                [
                    87.5,
                    126.375,
                    78.75,
                    200.75,
                    156.875,
                    195.125,
                    137.5,
                    121.375
                ]
            ],
            "iscrowd": 0,
            "area": 4772.8515625,
            "image_id": 7,
            "bbox": [
                77.0,
                121.0,
                79.0,
                79.0
            ],
            "category_id": 0,
            "id": 13
        },
        {
            "segmentation": [
                [
                    144.375,
                    123.25,
                    160.625,
                    194.5,
                    225.0,
                    188.875,
                    189.375,
                    120.75
                ]
            ],
            "iscrowd": 0,
            "area": 3916.40625,
            "image_id": 7,
            "bbox": [
                144.0,
                120.0,
                81.0,
                74.0
            ],
            "category_id": 0,
            "id": 14
        },
        {
            "segmentation": [
                [
                    95.625,
                    82.0,
                    90.625,
                    119.5,
                    139.375,
                    117.0,
                    128.125,
                    80.125
                ]
            ],
            "iscrowd": 0,
            "area": 1517.578125,
            "image_id": 7,
            "bbox": [
                89.0,
                80.0,
                50.0,
                39.0
            ],
            "category_id": 0,
            "id": 15
        },
        {
            "segmentation": [
                [
                    136.25,
                    83.25,
                    143.125,
                    116.375,
                    188.125,
                    114.5,
                    167.5,
                    78.25
                ]
            ],
            "iscrowd": 0,
            "area": 1369.7265625,
            "image_id": 7,
            "bbox": [
                136.0,
                78.0,
                52.0,
                38.0
            ],
            "category_id": 0,
            "id": 16
        },
        {
            "segmentation": [
                [
                    122.28947368421052,
                    153.28947368421052,
                    30.84210526315789,
                    470.39473684210526,
                    172.94736842105263,
                    478.2894736842105,
                    192.68421052631578,
                    152.6315789473684
                ]
            ],
            "iscrowd": 0,
            "area": 34347.94840720222,
            "image_id": 8,
            "bbox": [
                30.0,
                152.0,
                162.0,
                326.0
            ],
            "category_id": 0,
            "id": 17
        },
        {
            "segmentation": [
                [
                    203.21052631578948,
                    153.94736842105263,
                    188.73684210526315,
                    465.7894736842105,
                    333.4736842105263,
                    475.6578947368421,
                    274.2631578947368,
                    153.94736842105263
                ]
            ],
            "iscrowd": 0,
            "area": 34068.12673130195,
            "image_id": 8,
            "bbox": [
                188.0,
                153.0,
                146.0,
                322.0
            ],
            "category_id": 0,
            "id": 18
        },
        {
            "segmentation": [
                [
                    261.7631578947368,
                    34.868421052631575,
                    280.1842105263158,
                    149.3421052631579,
                    352.55263157894734,
                    145.39473684210526,
                    308.4736842105263,
                    32.89473684210526
                ]
            ],
            "iscrowd": 0,
            "area": 6849.463296398899,
            "image_id": 8,
            "bbox": [
                261.0,
                32.0,
                91.0,
                117.0
            ],
            "category_id": 0,
            "id": 19
        },
        {
            "segmentation": [
                [
                    140.8,
                    135.6,
                    87.19999999999999,
                    416.4,
                    237.60000000000002,
                    420.4,
                    228.0,
                    135.6
                ]
            ],
            "iscrowd": 0,
            "area": 33640.64,
            "image_id": 9,
            "bbox": [
                87.0,
                135.0,
                151.0,
                285.0
            ],
            "category_id": 0,
            "id": 20
        },
        {
            "segmentation": [
                [
                    237.60000000000002,
                    133.2,
                    256.8,
                    426.8,
                    412.0,
                    413.2,
                    321.6,
                    126.0
                ]
            ],
            "iscrowd": 0,
            "area": 35301.76000000001,
            "image_id": 9,
            "bbox": [
                237.0,
                126.0,
                175.0,
                300.0
            ],
            "category_id": 0,
            "id": 21
        },
        {
            "segmentation": [
                [
                    156.0,
                    20.4,
                    140.8,
                    120.4,
                    213.60000000000002,
                    120.4,
                    209.6,
                    20.4
                ]
            ],
            "iscrowd": 0,
            "area": 6319.999999999996,
            "image_id": 9,
            "bbox": [
                140.0,
                20.0,
                73.0,
                100.0
            ],
            "category_id": 0,
            "id": 22
        },
        {
            "segmentation": [
                [
                    223.2,
                    16.4,
                    227.2,
                    119.6,
                    314.4,
                    120.4,
                    283.2,
                    11.6
                ]
            ],
            "iscrowd": 0,
            "area": 7836.800000000003,
            "image_id": 9,
            "bbox": [
                223.0,
                11.0,
                92.0,
                109.0
            ],
            "category_id": 0,
            "id": 23
        },
        {
            "segmentation": [
                [
                    179.5275590551181,
                    72.5511811023622,
                    99.21259842519684,
                    349.7165354330709,
                    262.20472440944883,
                    350.503937007874,
                    274.01574803149606,
                    70.18897637795274
                ]
            ],
            "iscrowd": 0,
            "area": 35848.781697563405,
            "image_id": 10,
            "bbox": [
                99.0,
                70.0,
                175.0,
                280.0
            ],
            "category_id": 0,
            "id": 24
        },
        {
            "segmentation": [
                [
                    274.8031496062992,
                    70.18897637795274,
                    266.1417322834646,
                    345.7795275590551,
                    429.9212598425197,
                    344.20472440944883,
                    359.0551181102362,
                    70.97637795275591
                ]
            ],
            "iscrowd": 0,
            "area": 34043.3380866762,
            "image_id": 10,
            "bbox": [
                265.0,
                70.0,
                164.0,
                275.0
            ],
            "category_id": 0,
            "id": 25
        },
        {
            "segmentation": [
                [
                    363.7795275590551,
                    70.18897637795274,
                    448.0314960629921,
                    67.03937007874015,
                    577.9527559055118,
                    301.68503937007875,
                    442.5196850393701,
                    346.56692913385825
                ]
            ],
            "iscrowd": 0,
            "area": 30571.641143282293,
            "image_id": 10,
            "bbox": [
                363.0,
                67.0,
                214.0,
                279.0
            ],
            "category_id": 0,
            "id": 26
        },
        {
            "segmentation": [
                [
                    99.21259842519684,
                    72.5511811023622,
                    1.574803149606299,
                    237.11811023622045,
                    3.0450450450450433,
                    344.10810810810807,
                    94.03603603603602,
                    345.009009009009,
                    175.1171171171171,
                    72.03603603603602
                ]
            ],
            "iscrowd": 0,
            "area": 28081.10282364546,
            "image_id": 10,
            "bbox": [
                1.0,
                72.0,
                174.0,
                273.0
            ],
            "category_id": 0,
            "id": 27
        },
        {
            "segmentation": [
                [
                    100.05405405405406,
                    363.1891891891892,
                    223.7027027027027,
                    363.1891891891892,
                    275.7297297297297,
                    628.0540540540541,
                    111.54054054054052,
                    628.7297297297297
                ]
            ],
            "iscrowd": 0,
            "area": 38178.41490138788,
            "image_id": 11,
            "bbox": [
                100.0,
                363.0,
                175.0,
                265.0
            ],
            "category_id": 0,
            "id": 28
        },
        {
            "segmentation": [
                [
                    93.97297297297297,
                    157.1081081081081,
                    191.94594594594594,
                    170.6216216216216,
                    227.08108108108104,
                    345.6216216216216,
                    102.0810810810811,
                    341.56756756756755
                ]
            ],
            "iscrowd": 0,
            "area": 19847.516435354264,
            "image_id": 11,
            "bbox": [
                93.0,
                157.0,
                135.0,
                188.0
            ],
            "category_id": 0,
            "id": 29
        },
        {
            "segmentation": [
                [
                    112.2162162162162,
                    24.675675675675677,
                    171.0,
                    36.83783783783784,
                    189.91891891891896,
                    157.78378378378378,
                    97.35135135135135,
                    146.2972972972973,
                    90.59459459459458,
                    22.64864864864865
                ]
            ],
            "iscrowd": 0,
            "area": 10484.158144631117,
            "image_id": 11,
            "bbox": [
                90.0,
                22.0,
                100.0,
                135.0
            ],
            "category_id": 0,
            "id": 30
        },
        {
            "segmentation": [
                [
                    148.91836734693877,
                    142.85714285714286,
                    46.87755102040816,
                    374.8299319727891,
                    145.51700680272108,
                    390.4761904761905,
                    213.54421768707482,
                    148.29931972789115
                ]
            ],
            "iscrowd": 0,
            "area": 20249.664491646996,
            "image_id": 12,
            "bbox": [
                46.0,
                142.0,
                167.0,
                248.0
            ],
            "category_id": 0,
            "id": 31
        },
        {
            "segmentation": [
                [
                    210.82312925170066,
                    27.891156462585034,
                    158.4421768707483,
                    129.2517006802721,
                    221.7074829931973,
                    135.37414965986395,
                    253.0,
                    25.850340136054424
                ]
            ],
            "iscrowd": 0,
            "area": 5644.407422833083,
            "image_id": 12,
            "bbox": [
                158.0,
                25.0,
                95.0,
                110.0
            ],
            "category_id": 0,
            "id": 32
        },
        {
            "segmentation": [
                [
                    173.54838709677418,
                    107.80645161290323,
                    143.8709677419355,
                    171.03225806451613,
                    201.93548387096774,
                    169.74193548387095,
                    220.0,
                    103.93548387096774
                ]
            ],
            "iscrowd": 0,
            "area": 3309.8855359001027,
            "image_id": 13,
            "bbox": [
                142.0,
                103.0,
                78.0,
                68.0
            ],
            "category_id": 0,
            "id": 33
        },
        {
            "segmentation": [
                [
                    136.7741935483871,
                    183.93548387096774,
                    60.64516129032258,
                    344.5806451612903,
                    158.06451612903226,
                    340.06451612903226,
                    200.0,
                    176.83870967741936
                ]
            ],
            "iscrowd": 0,
            "area": 12664.308012487003,
            "image_id": 13,
            "bbox": [
                59.0,
                176.0,
                141.0,
                168.0
            ],
            "category_id": 0,
            "id": 34
        },
        {
            "segmentation": [
                [
                    204.51612903225805,
                    175.54838709677418,
                    167.74193548387098,
                    340.7096774193548,
                    270.96774193548384,
                    331.0322580645161,
                    267.741935483871,
                    167.80645161290323
                ]
            ],
            "iscrowd": 0,
            "area": 13519.04266389177,
            "image_id": 13,
            "bbox": [
                166.0,
                167.0,
                104.0,
                173.0
            ],
            "category_id": 0,
            "id": 35
        },
        {
            "segmentation": [
                [
                    270.96774193548384,
                    168.4516129032258,
                    283.22580645161287,
                    327.1612903225806,
                    389.0322580645161,
                    314.258064516129,
                    335.48387096774195,
                    158.7741935483871
                ]
            ],
            "iscrowd": 0,
            "area": 13750.052029136306,
            "image_id": 13,
            "bbox": [
                270.0,
                158.0,
                119.0,
                169.0
            ],
            "category_id": 0,
            "id": 36
        },
        {
            "segmentation": [
                [
                    228.38709677419354,
                    100.06451612903226,
                    215.48387096774192,
                    166.51612903225805,
                    279.35483870967744,
                    161.3548387096774,
                    272.258064516129,
                    94.90322580645162
                ]
            ],
            "iscrowd": 0,
            "area": 3564.828303850154,
            "image_id": 13,
            "bbox": [
                214.0,
                94.0,
                65.0,
                72.0
            ],
            "category_id": 0,
            "id": 37
        },
        {
            "segmentation": [
                [
                    276.1290322580645,
                    92.96774193548387,
                    279.35483870967744,
                    159.41935483870967,
                    341.93548387096774,
                    151.6774193548387,
                    323.8709677419355,
                    87.80645161290323
                ]
            ],
            "iscrowd": 0,
            "area": 3663.0593132154027,
            "image_id": 13,
            "bbox": [
                276.0,
                87.0,
                65.0,
                72.0
            ],
            "category_id": 0,
            "id": 38
        },
        {
            "segmentation": [
                [
                    225.16129032258064,
                    62.64516129032259,
                    217.41935483870967,
                    101.35483870967741,
                    173.54838709677418,
                    105.2258064516129,
                    192.25806451612902,
                    65.87096774193549
                ]
            ],
            "iscrowd": 0,
            "area": 1451.4047866805486,
            "image_id": 13,
            "bbox": [
                172.0,
                62.0,
                54.0,
                43.0
            ],
            "category_id": 0,
            "id": 39
        },
        {
            "segmentation": [
                [
                    232.90322580645162,
                    60.064516129032256,
                    223.8709677419355,
                    99.41935483870967,
                    267.741935483871,
                    94.90322580645162,
                    263.8709677419355,
                    54.258064516129025
                ]
            ],
            "iscrowd": 0,
            "area": 1483.4547346514082,
            "image_id": 13,
            "bbox": [
                222.0,
                54.0,
                45.0,
                45.0
            ],
            "category_id": 0,
            "id": 40
        },
        {
            "segmentation": [
                [
                    269.6774193548387,
                    52.96774193548387,
                    273.5483870967742,
                    91.03225806451613,
                    318.06451612903226,
                    87.16129032258064,
                    305.80645161290323,
                    49.74193548387096
                ]
            ],
            "iscrowd": 0,
            "area": 1550.4682622268447,
            "image_id": 13,
            "bbox": [
                269.0,
                49.0,
                49.0,
                42.0
            ],
            "category_id": 0,
            "id": 41
        },
        {
            "segmentation": [
                [
                    265.80645161290323,
                    29.74193548387096,
                    267.741935483871,
                    52.96774193548387,
                    232.25806451612902,
                    56.19354838709677,
                    238.06451612903226,
                    33.61290322580645
                ]
            ],
            "iscrowd": 0,
            "area": 717.169614984392,
            "image_id": 13,
            "bbox": [
                231.0,
                29.0,
                36.0,
                27.0
            ],
            "category_id": 0,
            "id": 42
        },
        {
            "segmentation": [
                [
                    372.9032258064516,
                    79.41935483870967,
                    414.19354838709677,
                    143.93548387096774,
                    474.19354838709677,
                    135.54838709677418,
                    418.06451612903226,
                    74.25806451612902
                ]
            ],
            "iscrowd": 0,
            "area": 3637.460978147763,
            "image_id": 13,
            "bbox": [
                372.0,
                74.0,
                102.0,
                69.0
            ],
            "category_id": 0,
            "id": 43
        },
        {
            "segmentation": [
                [
                    203.2258064516129,
                    39.41935483870968,
                    192.90322580645162,
                    63.29032258064515,
                    226.4516129032258,
                    59.419354838709666,
                    229.6774193548387,
                    35.54838709677419
                ]
            ],
            "iscrowd": 0,
            "area": 689.9063475546282,
            "image_id": 13,
            "bbox": [
                191.0,
                35.0,
                38.0,
                28.0
            ],
            "category_id": 0,
            "id": 44
        },
        {
            "segmentation": [
                [
                    145.40540540540542,
                    106.08108108108108,
                    96.0810810810811,
                    191.21621621621622,
                    174.45945945945945,
                    196.6216216216216,
                    196.0810810810811,
                    111.48648648648648
                ]
            ],
            "iscrowd": 0,
            "area": 5685.262965668371,
            "image_id": 14,
            "bbox": [
                96.0,
                106.0,
                100.0,
                90.0
            ],
            "category_id": 0,
            "id": 45
        },
        {
            "segmentation": [
                [
                    199.45945945945948,
                    53.37837837837838,
                    182.56756756756758,
                    104.05405405405405,
                    231.2162162162162,
                    106.08108108108108,
                    235.27027027027026,
                    54.72972972972973
                ]
            ],
            "iscrowd": 0,
            "area": 2171.977720964198,
            "image_id": 14,
            "bbox": [
                182.0,
                53.0,
                53.0,
                53.0
            ],
            "category_id": 0,
            "id": 46
        },
        {
            "segmentation": [
                [
                    151.41899441340783,
                    138.54748603351956,
                    124.60335195530726,
                    217.31843575418995,
                    183.82122905027933,
                    216.20111731843576,
                    193.31843575418995,
                    139.10614525139664
                ]
            ],
            "iscrowd": 0,
            "area": 3935.114384694607,
            "image_id": 15,
            "bbox": [
                123.0,
                138.0,
                70.0,
                79.0
            ],
            "category_id": 0,
            "id": 47
        },
        {
            "segmentation": [
                [
                    201.69832402234636,
                    136.87150837988827,
                    184.9385474860335,
                    213.96648044692736,
                    249.18435754189943,
                    213.96648044692736,
                    244.7150837988827,
                    134.0782122905028
                ]
            ],
            "iscrowd": 0,
            "area": 4201.023688399218,
            "image_id": 15,
            "bbox": [
                184.0,
                134.0,
                65.0,
                79.0
            ],
            "category_id": 0,
            "id": 48
        },
        {
            "segmentation": [
                [
                    249.74301675977654,
                    133.51955307262568,
                    248.06703910614527,
                    214.52513966480447,
                    312.31284916201116,
                    211.731843575419,
                    291.08379888268155,
                    134.0782122905028
                ]
            ],
            "iscrowd": 0,
            "area": 4198.995037608052,
            "image_id": 15,
            "bbox": [
                247.0,
                133.0,
                65.0,
                81.0
            ],
            "category_id": 0,
            "id": 49
        },
        {
            "segmentation": [
                [
                    117.89944134078212,
                    219.55307262569832,
                    43.59776536312849,
                    390.50279329608935,
                    136.33519553072625,
                    388.8268156424581,
                    175.4413407821229,
                    221.2290502793296
                ]
            ],
            "iscrowd": 0,
            "area": 12719.17231047721,
            "image_id": 15,
            "bbox": [
                42.0,
                219.0,
                133.0,
                171.0
            ],
            "category_id": 0,
            "id": 50
        },
        {
            "segmentation": [
                [
                    181.02793296089385,
                    218.43575418994413,
                    143.5977653631285,
                    386.0335195530726,
                    241.9217877094972,
                    387.1508379888268,
                    241.3631284916201,
                    220.6703910614525
                ]
            ],
            "iscrowd": 0,
            "area": 13282.044879997513,
            "image_id": 15,
            "bbox": [
                143.0,
                218.0,
                98.0,
                169.0
            ],
            "category_id": 0,
            "id": 51
        },
        {
            "segmentation": [
                [
                    247.50837988826817,
                    218.43575418994413,
                    248.62569832402232,
                    389.9441340782123,
                    348.6256983240223,
                    388.8268156424581,
                    310.0782122905028,
                    216.20111731843576
                ]
            ],
            "iscrowd": 0,
            "area": 14019.693517680484,
            "image_id": 15,
            "bbox": [
                247.0,
                216.0,
                101.0,
                173.0
            ],
            "category_id": 0,
            "id": 52
        },
        {
            "segmentation": [
                [
                    173.76536312849163,
                    97.20670391061452,
                    153.0949720670391,
                    132.9608938547486,
                    196.11173184357543,
                    134.6368715083799,
                    203.93296089385476,
                    94.97206703910615
                ]
            ],
            "iscrowd": 0,
            "area": 1375.8933865984218,
            "image_id": 15,
            "bbox": [
                153.0,
                94.0,
                50.0,
                40.0
            ],
            "category_id": 0,
            "id": 53
        },
        {
            "segmentation": [
                [
                    210.0782122905028,
                    94.97206703910615,
                    200.0223463687151,
                    134.6368715083799,
                    244.7150837988827,
                    132.4022346368715,
                    241.9217877094972,
                    93.85474860335195
                ]
            ],
            "iscrowd": 0,
            "area": 1490.434131269314,
            "image_id": 15,
            "bbox": [
                199.0,
                93.0,
                45.0,
                41.0
            ],
            "category_id": 0,
            "id": 54
        },
        {
            "segmentation": [
                [
                    244.15642458100558,
                    92.17877094972067,
                    246.94972067039106,
                    134.0782122905028,
                    288.29050279329607,
                    130.16759776536313,
                    278.7932960893855,
                    92.73743016759776
                ]
            ],
            "iscrowd": 0,
            "area": 1517.1186916762963,
            "image_id": 15,
            "bbox": [
                244.0,
                92.0,
                44.0,
                42.0
            ],
            "category_id": 0,
            "id": 55
        },
        {
            "segmentation": [
                [
                    186.0558659217877,
                    73.18435754189944,
                    174.88268156424581,
                    95.53072625698324,
                    205.60893854748602,
                    93.29608938547486,
                    209.51955307262568,
                    73.74301675977654
                ]
            ],
            "iscrowd": 0,
            "area": 561.3120689117059,
            "image_id": 15,
            "bbox": [
                174.0,
                73.0,
                35.0,
                22.0
            ],
            "category_id": 0,
            "id": 56
        },
        {
            "segmentation": [
                [
                    216.22346368715083,
                    71.50837988826815,
                    211.19553072625698,
                    92.73743016759776,
                    240.2458100558659,
                    92.17877094972067,
                    238.01117318435752,
                    72.06703910614524
                ]
            ],
            "iscrowd": 0,
            "area": 525.420554914017,
            "image_id": 15,
            "bbox": [
                211.0,
                71.0,
                29.0,
                21.0
            ],
            "category_id": 0,
            "id": 57
        },
        {
            "segmentation": [
                [
                    244.15642458100558,
                    69.83240223463687,
                    244.15642458100558,
                    89.3854748603352,
                    277.11731843575416,
                    89.3854748603352,
                    268.7374301675978,
                    68.71508379888267
                ]
            ],
            "iscrowd": 0,
            "area": 580.9743765800085,
            "image_id": 15,
            "bbox": [
                244.0,
                68.0,
                33.0,
                21.0
            ],
            "category_id": 0,
            "id": 58
        },
        {
            "segmentation": [
                [
                    107.57142857142857,
                    52.65306122448979,
                    39.40816326530612,
                    251.42857142857142,
                    124.71428571428571,
                    259.1836734693877,
                    155.734693877551,
                    57.14285714285714
                ]
            ],
            "iscrowd": 0,
            "area": 13677.800916284876,
            "image_id": 16,
            "bbox": [
                39.0,
                52.0,
                116.0,
                207.0
            ],
            "category_id": 0,
            "id": 59
        },
        {
            "segmentation": [
                [
                    170.42857142857142,
                    54.285714285714285,
                    142.6734693877551,
                    261.2244897959184,
                    237.36734693877548,
                    267.3469387755102,
                    223.48979591836732,
                    58.77551020408163
                ]
            ],
            "iscrowd": 0,
            "area": 15385.256143273626,
            "image_id": 16,
            "bbox": [
                142.0,
                54.0,
                96.0,
                213.0
            ],
            "category_id": 0,
            "id": 60
        },
        {
            "segmentation": [
                [
                    204.54054054054052,
                    133.1081081081081,
                    266.7027027027027,
                    129.05405405405406,
                    369.4054054054054,
                    538.5135135135135,
                    73.45945945945948,
                    547.972972972973
                ]
            ],
            "iscrowd": 0,
            "area": 73703.43316289264,
            "image_id": 17,
            "bbox": [
                73.0,
                129.0,
                296.0,
                418.0
            ],
            "category_id": 0,
            "id": 61
        },
        {
            "segmentation": [
                [
                    74.81081081081084,
                    591.2162162162163,
                    389.67567567567573,
                    581.081081081081,
                    407.0,
                    631.0,
                    63.32432432432432,
                    629.7297297297297
                ]
            ],
            "iscrowd": 0,
            "area": 14572.023374726065,
            "image_id": 17,
            "bbox": [
                63.0,
                581.0,
                345.0,
                50.0
            ],
            "category_id": 0,
            "id": 62
        },
        {
            "segmentation": [
                [
                    178.24113475177307,
                    7.801418439716312,
                    230.01418439716315,
                    5.673758865248227,
                    234.26950354609937,
                    63.12056737588653,
                    240.6524822695036,
                    66.66666666666667,
                    251.29078014184404,
                    160.99290780141845,
                    259.8014184397164,
                    170.2127659574468,
                    286.04255319148945,
                    367.3758865248227,
                    142.78014184397165,
                    348.936170212766,
                    166.1843971631206,
                    165.95744680851064,
                    159.80141843971631,
                    156.02836879432624,
                    171.14893617021278,
                    65.95744680851064,
                    167.60283687943263,
                    65.24822695035462
                ]
            ],
            "iscrowd": 0,
            "area": 34313.91781097534,
            "image_id": 18,
            "bbox": [
                142.0,
                5.0,
                144.0,
                362.0
            ],
            "category_id": 0,
            "id": 63
        },
        {
            "segmentation": [
                [
                    158.38297872340428,
                    369.5035460992908,
                    300.936170212766,
                    386.5248226950355,
                    347.0354609929078,
                    661.7021276595746,
                    131.43262411347519,
                    660.9929078014185
                ]
            ],
            "iscrowd": 0,
            "area": 50653.89064936372,
            "image_id": 18,
            "bbox": [
                131.0,
                369.0,
                217.0,
                292.0
            ],
            "category_id": 0,
            "id": 64
        },
        {
            "segmentation": [
                [
                    16.528735632183896,
                    447.7011494252874,
                    124.57471264367814,
                    460.3448275862069,
                    113.0,
                    537.0,
                    2.0,
                    537.0,
                    1.0114942528735469,
                    477.58620689655174
                ]
            ],
            "iscrowd": 0,
            "area": 9646.141035803943,
            "image_id": 19,
            "bbox": [
                1.0,
                447.0,
                123.0,
                90.0
            ],
            "category_id": 0,
            "id": 65
        },
        {
            "segmentation": [
                [
                    145.26436781609198,
                    460.91954022988506,
                    251.58620689655174,
                    471.8390804597701,
                    262.50574712643675,
                    536.2068965517242,
                    127.44827586206895,
                    536.7816091954023
                ]
            ],
            "iscrowd": 0,
            "area": 8479.984145858121,
            "image_id": 19,
            "bbox": [
                127.0,
                460.0,
                135.0,
                76.0
            ],
            "category_id": 0,
            "id": 66
        },
        {
            "segmentation": [
                [
                    184.91954022988506,
                    87.93103448275862,
                    26.873563218390814,
                    431.60919540229884,
                    245.83908045977012,
                    450.57471264367814,
                    194.68965517241378,
                    91.37931034482759
                ]
            ],
            "iscrowd": 0,
            "area": 40792.0465054829,
            "image_id": 19,
            "bbox": [
                26.0,
                87.0,
                220.0,
                363.0
            ],
            "category_id": 0,
            "id": 67
        },
        {
            "segmentation": [
                [
                    168.92814371257487,
                    61.27544910179641,
                    205.45508982035932,
                    63.07185628742515,
                    203.05988023952096,
                    169.65868263473055,
                    197.0718562874252,
                    173.25149700598803,
                    195.27544910179643,
                    336.72455089820363,
                    200.66467065868267,
                    355.8862275449102,
                    198.8682634730539,
                    555.8862275449102,
                    28.808383233532936,
                    555.8862275449102,
                    88.08982035928148,
                    345.70658682634735,
                    85.69461077844312,
                    330.1377245508982
                ]
            ],
            "iscrowd": 0,
            "area": 50775.21603499586,
            "image_id": 20,
            "bbox": [
                28.0,
                61.0,
                177.0,
                494.0
            ],
            "category_id": 0,
            "id": 68
        },
        {
            "segmentation": [
                [
                    209.0479041916168,
                    61.87425149700599,
                    246.17365269461084,
                    63.07185628742515,
                    315.03592814371257,
                    339.7185628742515,
                    325.81437125748505,
                    355.2874251497006,
                    381.50299401197606,
                    557.6826347305389,
                    338.0,
                    558.0,
                    219.0,
                    558.0,
                    218.6287425149701,
                    355.8862275449102,
                    207.25149700598803,
                    334.92814371257487
                ]
            ],
            "iscrowd": 0,
            "area": 49058.32889311196,
            "image_id": 20,
            "bbox": [
                207.0,
                61.0,
                174.0,
                497.0
            ],
            "category_id": 0,
            "id": 69
        },
        {
            "segmentation": [
                [
                    138.88607594936707,
                    112.29113924050633,
                    155.97468354430373,
                    111.65822784810126,
                    154.07594936708858,
                    131.91139240506328,
                    147.74683544303798,
                    185.70886075949366,
                    129.3924050632911,
                    295.83544303797464,
                    126.2278481012658,
                    309.126582278481,
                    92.05063291139237,
                    588.2405063291139,
                    3.4430379746835342,
                    587.6075949367088,
                    1.5443037974683307,
                    512.2911392405063,
                    112.9367088607595,
                    188.2405063291139,
                    110.40506329113924,
                    185.0759493670886
                ]
            ],
            "iscrowd": 0,
            "area": 30393.767024515313,
            "image_id": 21,
            "bbox": [
                1.0,
                111.0,
                155.0,
                477.0
            ],
            "category_id": 0,
            "id": 70
        },
        {
            "segmentation": [
                [
                    67.5632183908046,
                    1.1494252873563218,
                    253.19540229885058,
                    537.9310344827586,
                    289.0,
                    537.0,
                    289.0,
                    312.0,
                    167.5632183908046,
                    129.88505747126436,
                    95.14942528735634,
                    0.0
                ]
            ],
            "iscrowd": 0,
            "area": 37729.93955608405,
            "image_id": 22,
            "bbox": [
                67.0,
                0.0,
                222.0,
                537.0
            ],
            "category_id": 0,
            "id": 71
        },
        {
            "segmentation": [
                [
                    101.89610389610391,
                    348.05194805194805,
                    75.9220779220779,
                    605.1948051948052,
                    259.038961038961,
                    605.8441558441558,
                    211.63636363636363,
                    348.7012987012987,
                    218.77922077922074,
                    329.2207792207792,
                    183.06493506493507,
                    153.24675324675323,
                    171.37662337662334,
                    73.37662337662337,
                    165.53246753246754,
                    31.818181818181817,
                    166.83116883116884,
                    16.883116883116884,
                    142.8051948051948,
                    16.233766233766232,
                    136.31168831168833,
                    32.467532467532465,
                    129.8181818181818,
                    71.42857142857143,
                    124.6233766233766,
                    146.75324675324674,
                    128.5194805194805,
                    151.2987012987013,
                    113.58441558441558,
                    330.5194805194805
                ]
            ],
            "iscrowd": 0,
            "area": 59639.48389273064,
            "image_id": 23,
            "bbox": [
                75.0,
                16.0,
                184.0,
                589.0
            ],
            "category_id": 0,
            "id": 72
        }
    ]
}